kCKQK,0431400
kCKQKc,0431521
kCKQKԐ,0431402
kCKQK,0431405
kCKQKK,0431401
kCKQKY,0431403
kCKQKx,0431522
kCKQK],0431523
kCKQK{,0431404
kCKQKli_ИeAyj,0431525
kCKQKlȋj,0431406
kCϑOSHyĐK,0783871
kCϑOSHyViej,0783951
kCϑOSHyViaYj,0783953
kCϑOSHyVixj,0783952
kCϑOSHyViٓVj,0783955
kCϑOSHyViOlj,0783954
kCKSK,0970400
kCKSKB`,0970401
kCKSK@u,0970311
kCKSKxm,0970100
kCKSKxm,0970101
kCKSKxmSe,0970211
kC當S當,0971200
kC當S當[,0971201
kC當S當DiEiCj,0971202
kC當S當Dȋj,0971111

R`cs,9996711

{錧Ίscl,9860023
{錧ΊsԒnl,9862526
{錧Ίsl,9862523
{錧Ίsnl,9862525
{錧S쒬o,9862211
{錧S쒬],9862212
{錧}sYːΕl,9850191
{錧}sYˌj,9850192
{錧}sYˉY˖X,9850193
{錧}sYˊ,9850194
{錧}sY˖p,9850195
{錧CsOl,9880601
{錧Cs鑐,9880606
{錧CscK,9880611
{錧Cs,9880613
{錧Cs,9880612
{錧Cs,9880623
{錧CsvQ,9880634
{錧Cs,9880632
{錧Cs`,9880633
{錧CsR,9880622
{錧Cs,9880621
{錧Cs,9880604
{錧CsO,9880603
{錧CsTR,9880607
{錧CsOl,9880631

sOO,1001100
sOO,1001212
sOOɃPJ,1001103
sOOɓ,1001102
sOOYR,1001213
sOOؓc,1001211
sOOؓc,1001211
s䑠䑠~,1001301
s哇,1000100
s哇c,1000102
s哇ؒn,1000211
s哇,1000103
s哇쑝,1000104
s哇g`,1000212
s哇,1000101
s_Ó_Ó~,1000601
s~,1000301
sV,1000400
sV,1000511
sV{,1000402
sVዽ,1000401
s䓇䒬,1001400
s䓇䒬ꋽ,1001401
s䓇䒬~,1001621
s䓇䒬g,1001622
s䓇䒬V,1001623
s䓇䒬O,1001511
s~,1001701
s},1002100
s},1002101

V}꓇,1002211
Vns,9520001
Vnsk܏\,9520002
Vns,9520003
VnsHg,9520004
Vns~,9520005
Vnst,9520006
VnsÈ,9520011
VnsÈΐV,9520012
VnsÕY,9520013
VnsÖ,9520014
VnsZg,9520015
Vns,9520016
VnsH,9520021
Vns,9520022
Vns[,9520023
Vns㉡R,9520024
VnsR,9520025
Vns,9520026
Vns],9520027
VnsΉ̑,9520028
VnsV䒷,9520101
VnsV,9520102
VnsV䊃,9520103
VnsVc,9520104
VnsV䐳,9520105
VnsVZ,9520106
VnsV,9520107
VnsV,9520108
VnsV,9520109
VnsV䕐,9520111
VnsVM,9520112
VnsVF,9520113
VnsV,9520114
VnsVk,9520115
VnsV,9520116
Vnsڍ,9520201
VnsI],9520202
VnsVY,9520203
VnsJ,9520204
Vnsq,9520205
Vns,9520206
Vnsc,9520207
VnsYc,9520211
Vns{,9520212
Vnsю,9520213
Vnsv,9520214
Vns,9520215
VnsO{,9520216
Vns^,9520301
Vns|c,9520302
VnsŖV,9520303
Vns,9520304
Vns,9520305
Vnsl,9520306
Vns,9520307
VnsÉ,9520311
Vnsg,9520312
Vns^,9520313
Vnse,9520314
Vns{,9520315
Vnsw,9520316
VnsLc,9520317
Vns^V,9520318
VnsÕ,9520321
VnsR,9520322
VnsHΏ,9520421
VnsH΋Te,9520422
Vns召,9520431
VnsqJ,9520432
Vnscؐ{,9520433
VnsO,9520434
Vns֔,9520435
VnsHΑꕽ,9520501
VnsHΑ,9520502
VnsHΔщ,9520503
VnsHΖ{,9520504
VnsHΎO,9520505
VnsHΑ,9520511
VnsHΑ勴,9520512
VnsHΑR,9520513
VnsHΏ,9520514
VnsHΏRc,9520515
Vnsؓ,9520601
Vnsb,9520602
VnsؖؖY,9520603
Vnsؒ,9520604
Vns,9520605
VnsՉY,9520606
Vns؋cVc,9520611
Vnsh,9520612
Vns؋,9520613
Vns_,9520614
Vns[Y,9520615
Vns,9520621
Vns],9520622
VnscY,9520623
Vnsؗ,9520624
VnsؑY,9520625
Vns,9520626
Vns,9520701
Vns,9520702
VnsOR,9520703
Vns䭏,9520704
VnsO,9520705
Vnsa,9520706
VnsԔ,9520711
Vns^Y,9520712
Vns,9520713
VnsV,9520714
VnsY,9520715
Vns吙,9520716
Vns,9520821
Vnsc,9520822
Vnsl͓,9520823
VnsێR,9520824
Vnsz,9520851
Vnsԋ,9520852
Vns,9520853
VnsL,9520854
Vns`Y,9520855
VnsL,9520856
Vns,9520857
Vns{,9521201
Vnsg{,9521202
Vnsg,9521203
VnsO,9521204
Vnsnc,9521205
Vnsa,9521206
VnsL,9521207
VnsV,9521208
Vns,9521209
Vns,9521211
Vns,9521212
Vns,9521213
Vns,9521292
Vns^,9521301
Vnss,9521302
Vnsy,9521303
Vns,9521304
Vns㒷,9521305
Vns,9521306
Vns,9521307
Vns{,9521308
Vns,9521311
VnsV,9521312
Vns,9521313
Vns͌c{,9521314
Vns͌czK,9521315
VnsRc,9521321
VnsΓc,9521322
Vnsb蒬,9521323
Vns,9521324
VnsEc,9521325
Vns,9521326
Vns͌c{,9521393
Vns򍪒Y,9521431
Vns򍪌܏\,9521432
VnsĒ,9521433
Vns򍪒,9521434
Vns,9521435
Vns,9521501
Vns쐅,9521502
VnsĒ,9521503
Vns쉺RV_,9521504
Vns≺,9521505
VnsY,9521506
Vns쎆,9521507
VnsԒ,9521508
Vnsh,9521511
Vns,9521512
Vns쒬,9521513
Vns쏬Z,9521514
VnsV⒬,9521515
Vns쐼⒬,9521516
VnsΝJ,9521517
Vnsޖؒ,9521518
Vns[,9521521
Vns㋞,9521522
VnsVܘY,9521523
VnsH,9521524
VnszK,9521525
Vns쒆,9521526
Vns썶咬,9521527
VnsZEq咬,9521528
VnsLԒ,9521531
Vns\Y,9521532
Vnsĉ,9521533
Vns台,9521534
Vns쒆,9521535
Vns쉺,9521536
VnsÒ,9521537
Vnsl\,9521538
Vnsk,9521539
VnsVޖؒ,9521541
Vns쉖,9521542
Vns쒷⒬,9521543
Vns얡X,9521544
Vns씪S,9521545
Vns,9521546
Vns]ˑ,9521547
VnsHc,9521548
Vns쉺,9521551
Vns꒬ڗ,9521552
VnsܘYq咬,9521553
Vns񒬖ڐVl,9521554
Vns񒬖ڕl,9521555
Vns꒬ڕl,9521556
Vns꒬,9521557
Vns񒬖,9521558
VnsOڐVl,9521561
VnsOڕl,9521562
VnsO,9521563
Vnsl,9521564
Vnsn,9521565
Vnss,9521566
Vnslڕl,9521567
VnsVl,9521568
Vns쉺˕l,9521571
VnsHc,9521572
Vns쉺˒Y,9521573
VnsCm,9521574
Vns쉺˒,9521575
Vns쉺˒Y,9521581
Vns쉺ˑ,9521582
Vns쎭,9521583
Vns쉺˒Yl,9521584
Vns쉖,9521592
VnsOڐVl,9521593
Vns,9521641
Vnsċ,9521642
Vns~,9521643
Vnsk,9521644
Vns,9521645
VnsY,9521646
Vns˒,9522131
Vns˒n,9522132
Vnsk,9522133
VnsP,9522134
VnsB,9522135
Vns,9522136
VnsJ,9522201
Vns܏\Y,9522202
Vns,9522203
Vns,9522204
Vnsq,9522205
Vnsc,9522206
VnsΖ,9522211
Vns쌩,9522212
VnskcY,9522213
Vns,9522214
Vns,9522215
Vnsk,9522221
Vnsk,9522222
Vns,9522223
VnsΉ,9522224
VnskЕ,9522225
VnsЕ,9522226
Vns,9523111
VnsP,9523112
Vnš,9523113
VnsY,9523114
Vns,9523115
Vnsk,9523116
Vnsn,9523117
Vnsa,9523118
Vnsʍ,9523119
Vns^X,9523201
VnskL,9523202
Vns,9523203
Vnsh,9523204
Vnsh,9523205
Vns,9523206
VnskY,9523207
Vnsኃ,9523421
Vns鍘,9523422
Vnsvm͓,9523423
Vnsvm,9523424
Vns͍,9523425
Vns^,9523431
VnsŔ,9523432
Vns,9523433
VnsH,9523434
VnsÑ,9523435
Vns,9523541
VnsЖ,9523542
Vnsz{,9523543
VnsY,9523544
Vns,9523545
Vns,9523546
VDSYY~,9580061

ΐ쌧֓sCmiwqj,9280072

ÉMCs,4130004

msFv,4130004
mmSm,4703505
mmSmSmԉ꓇,4703504

OdHs_,5170001
OdHsu,5170002
OdHs撬,5170003
OdHs,5170004
OdHs蒬,5170005
Odus镔n,5170205
Odusua,5170703

ɌPHsƓ^Y,6720101
ɌPHsƓ{,6720102
ɌPHsƓV,6720103

BSCm,6840400
BSCmCm,6840403
BSCmF,6840401
BSCm,6840413
BSCmmX,6840411
BSCmLc,6840402
BSCm,6840404
BSCmg,6840412
BSB̓,6850000
BSB̓v,6850001
BSB̓,6850002
BSB̓,6850003
BSB̓ѓc,6850004
BSB̓,6850005
BSB̓L,6850006
BSB̓rc,6850007
BSB̓h,6850011
BSB̓,6850012
BSB̓,6850013
BSB̓,6850014
BSB̓`,6850015
BSB̓k,6850016
BSB̓,6850017
BSB̓,6850021
BSB̓,6850022
BSB̓c,6850023
BSB̓,6850024
BSB̓,6850025
BSB̓㐼,6850026
BSB̓c,6850027
BSB̓c,6850101
BSB̓,6850102
BSB̓ߋv,6850103
BSB̓s,6850104
BSB̓Ì,6850105
BSB̓,6850106
BSB̓k,6850301
BSB̓cc,6850302
BSB̓,6850303
BSB̓,6850304
BSB̓v,6850305
BSB̓Ɍ,6850306
BSB̓S,6850311
BSB̓H,6850312
BSB̓ߋvH,6850313
BSB̓Rc,6850314
BSB̓є,6850411
BSB̓z{,6850412
BSB̓K~,6850413
BSB̓Ɍ,6850431
BSB̓,6850432
BSB̓,6850433
BSB̓,6850434
BSB̓,6850435

RRs挢,7048153
RʖsΓ,7060306
ROs,7060306
ROs命{,7013203
R}skؓ,7140301
R}sΓ,7140036
R}s^瓇,7140037
R}s,7140302
R}s,7140035
R}sZ,7140038

LLs掗,7340017
LLs掗,7340017
Lss{iVYj,7390501
Lss{iVYZj,7390502
Lss{iЂ̖ؒcnj,7390503
Lss{i`j,7390504
Lss{iӒj,7390505
Lss{iΒj,7390506
Lss{i卻j,7390507
Lss{iɐj,7390511
Lss{iVj,7390512
Lss{i㐼Aj,7390513
Lss{iAj,7390514
Lss{iVIj,7390515
Lss{ij,7390516
Lss{iaj,7390517
Lss{iAj,7390518
Lss{i咬j,7390521
Lss{i쒬j,7390522
Lss{i]j,7390523
Lss{i꒬j,7390524
Lss{ivےj,7390525
Lss{i㒆j,7390531
Lss{i吼j,7390532
Lss{i吼j,7390533
Lss{i吼j,7390534
Lss{ik吼j,7390535
Lss{ij,7390536
Lss{iԔVYj,7390541
Lss{iXǊj,7390542
Lss{ilj,7390543
Lss{ilVj,7390550
Lss{ikV\j,7390551
Lss{ikV\j,7390552
Lss{iV\j,7390553
Lss{iK\j,7390554
Lss{iK\j,7390555
Lss{iKlj,7390556
Lss{iKlj,7390557
Lss{iVlj,7390558
Lss{ikVlj,7390559
Lss{ȋj,7390588
LRs,7200204
LRsC,7222641
LRsCC,7222631
LRsC,7222632
LRsCn,7222633
LsS,7220061
Ls,7222432
LsF],7222431
LOsYcY,7230022
Ls˓c,7222403
Ls˓c,7222412
Ls˓c,7222413
Ls˓cc,7222414
Ls˓c˓c,7222411
Ls˓c,7222404
Ls˓c,7222415
Ls˓c,7222416
Ls˓cc,7222405
Ls˓c䎛,7222401
Ls˓c{,7222402
Ls˓c,7222417
LLcS㓇,7250200
LLcS㓇,7250403
LLcS㓇,7250303
LLcS㓇Y,7250402
LLcS㓇؍],7250401
LLcS㓇,7250301
LLcS㓇c,7250302
LLcS㓇,7250231
LsL咷,7340301
LsLF,7340303
LsLv,7340304
LsL,7340302
LsLl֓,7340103
LsLll,7340102
LsLlL,7340101

Rh{s쓇,7470832
R֎sZA,7500095
R֎sW䓇,7596542
R⍑s,7400051
RsS,7420041
RFьS֒j,7421401
RFьS֒,7421404
RFьScz{n,7421516
RFьS,7421114
R哇Sh哇},7422108
R哇Sh哇v,7422301
R哇Sh哇ɕۓc,7422601
R哇Sh哇ɕۓciJUj,7422601
R哇Sh哇ɕۓciɕۓcj,7422601
R哇Sh哇ɕۓcij,7422601
R哇Sh哇ɕۓcicj,7422601
R哇Sh哇,7422801
RsÓ,7450057
Rs,7430003
Rs,7580701
Rs哇,7580003
Rs,7580001

쌧sjؒ,7600091
쌧sؒ,7600092
쌧S~,7613110
쌧SybAȋj,7614101
쌧SybAi`Vj,7614102
쌧SybAi،ˁj,7614103
쌧SyAigPYj,7614104
쌧SybAi{j,7614105
쌧SybAi{j,7614106
쌧SybAi`j,7614111
쌧SybAij,7614112
쌧SybAij,7614113
쌧SybAi猬j,7614114
쌧SyAij,7614115
쌧Sy,7614121
쌧Sy㏯,7614122
쌧SyɊ얖,7614131
쌧Sy],7614132
쌧Syl,7614133
쌧Sy{,7614134
쌧Synz,7614141
쌧Sy`,7614142
쌧Sy,7614143
쌧SyC,7614144
쌧Sy啔,7614145
쌧Sy,7614146
쌧SyyR,7614151
쌧Sy,7614152
쌧Synz,7614153
쌧Sy},7614154
쌧SR,7614155
쌧Sy,7614194
쌧Sy啔,7614195
쌧Src,7614301
쌧S,7614302
쌧SR,7614303
쌧S,7614304
쌧S,7614305
쌧Sg,7614306
쌧S,7614307
쌧S_Y,7614308
쌧Src,7614388
쌧Sgc,7614401
쌧Sc,7614402
쌧Sl,7614403
쌧SJ,7614404
쌧Sk,7614405
쌧Sc,7614411
쌧S؏,7614412
쌧ScH,7614421
쌧SÍ],7614422
쌧Sxz,7614423
쌧ScY,7614424
쌧S,7614425
쌧Sn,7614426
쌧SЏ,7614431
쌧Sǖ{,7614432
쌧S_,7614433
쌧S,7614434
쌧Sc,7614492
쌧SyLƉY,7614661
쌧SyLC,7614662
쌧SyLb,7614663
쌧SyɊ얖,7614664
쌧os^,7620071
쌧os⍕,7620072
쌧osC,7620073
쌧ۋTsL,7630101
쌧ۋTsL]̉Y,7630102
쌧ۋTsL̉z,7630103
쌧ۋTsLbH,7630104
쌧ۋTsL,7630105
쌧ۋTsLs,7630106
쌧ۋTsLΉY,7630107
쌧ۋTsL蓇,7630108
쌧ۋTs蓇,7630111
쌧ۋTs{},7630221
쌧ۋTs{b,7630222
쌧ۋTs{,7630223
쌧ۋTs{,7630224
쌧ۋTs{ɕl,7630225
쌧ۋTs{Kl,7630226
쌧ۋTs{c,7630227
쌧ۋTs{Y,7630228
쌧ۋTs,7630231
쌧xSxÒ,7640040
쌧xSxÒ,7640050
쌧ωsɐ,7680071
쌧OLslԒ,7691108
쌧OLslԒuX,7691109

sɓ,7741760
CS򒬖Yȋj,7750010
CS򒬖Yilj,7750011
CS򒬖Yi{m{j,7750012
CS򒬖YioHj,7750013

mhюs̓꓇,7880677
mhюs̓O,7880678
mhюs̓L,7880679

QRs{a,7914321
QRs{a,7914322
QRs_,7914323
QRsØan,7914324
QRsr,7914431
QRs썚,7914432
QRsY,7914501
QRsl,7914502
QRst,7914503
QRs{,7914504
QRs_Y,7914505
QRsFa,7914506
QRsFc,7914507
QRsg,7914508
QRs`,7914509
QRs,7914510
QRs,7914511
QRsY,7914592
QRsc,7918091
QRsRǒ,7918092
QRs,7918093
Qs{El㓇,7920080
QVls哇,7920891
Qs֑O,7941101
Qs֑O剺,7941102
Qs֑O剺,7941103
QsOC,7941301
QsO匩,7941302
QsO,7941303
QsO{Y,7941304
QsO,7941305
QsOX],7941306
QsO,7941307
QsOY,7941308
QsO@,7941309
QsO{Y,7941393
QsY,7941401
QsY,7941402
QsYÍ,7941403
QsY,7941404
QsgCcY,7942101
QsgC,7942102
QsgCc,7942103
QsgCm],7942104
QsgC,7942110
QsgCKVc,7942111
QsgC{,7942112
QsgC,7942113
QsgC,7942114
QsgCY,7942115
QsgC,7942116
QsgC,7942117
QsgC,7942118
QsgCÓ,7942119
QsgC,7942192
Qs{E,7942201
Qs{E],7942202
Qs{E{E,7942203
Qs{EFY,7942204
QsL,7942301
QsY,7942302
Qsɕ,7942303
QskY,7942304
Qs؉Y,7942305
QzqS㓇,7942410
QzqS㓇,7942500
QzqS㓇|viY,7942501
QzqS㓇|,7942502
QzqS㓇||,7942503
QzqS㓇|S,7942503
QzqS㓇|,7942504
QzqS㓇|햾_,7942505
QzqS㓇|퉺|,7942506
QzqS㓇|퓡J,7942507
QzqS㓇|푾c,7942508
QzqS㓇|y,7942509
QzqS㓇|튙c,7942510
QzqS㓇|,7942511
QzqS㓇|,7942512
QzqS㓇|J,7942513
QzqS㓇|퍲,7942520
QzqS㓇|L,7942530
QzqS㓇ԍkn,7942540
QzqS㓇ԍkn,7942541
QzqS㓇Oԍkn,7942542
QzqS㓇,7942550
QzqS㓇|퉺|,7942592
Qls哇,7968060
QFas{㓇,7980096
QFasSVY,7980097
QFas,7980098
QFasU,7980099
QFas˓,7980212
QRs,7992433

茧sɉY{G,8115101
茧sɉYG,8115102
茧sɉYVcG,8115103
茧sɉYG,8115104
茧sɉYqG,8115105
茧sɉYqG,8115106
茧sɉYLG,8115107
茧sɉY{G,8115111
茧sɉYYG,8115112
茧sɉYG,8115113
茧sɉYcG,8115114
茧sɉYؓcG,8115115
茧sɉY{G,8115116
茧sɉYcG,8115117
茧sɉYlG,8115121
茧sɉY匴G,8115122
茧sɉYBRG,8115123
茧sɉYuG,8115124
茧sɉYuG,8115125
茧sɉYicG,8115131
茧sɉYG,8115132
茧sɉY{G,8115133
茧sɉYG,8115134
茧sɉYɉY,8115135
茧sɉYЌG,8115136
茧sɉYᏼG,8115141
茧sɉYؐG,8115142
茧sɉYRG,8115143
茧sɉYRG,8115144
茧sɉYnǉY,8115151
茧sɉYnǓG,8115152
茧sɉYnǐG,8115153
茧sɉYnǓG,8115154
茧sɉYJG,8115155
茧sɉY哇,8115161
茧sɉY,8115162
茧sɉY,8115163
茧sɉY{G,8115192
茧sɉY{G,8115193
茧sΓcRG,8115201
茧sΓc钇G,8115202
茧sΓc铌G,8115203
茧sΓc鐼G,8115204
茧sΓcΓcG,8115211
茧sΓc{G,8115212
茧sΓcG,8115213
茧sΓcʎY,8115214
茧sΓcΓcG,8115215
茧sΓcrcG,8115221
茧sΓcrcG,8115222
茧sΓcvG,8115223
茧sΓcrcG,8115224
茧sΓcxG,8115225
茧sΓcxˎgG,8115226
茧sӒӉY,8115301
茧sӒg{G,8115311
茧sӒgG,8115312
茧sӒgG,8115313
茧sӒgG,8115314
茧sӒg񖒐G,8115315
茧sӒgΐG,8115316
茧sӒ[]hG,8115321
茧sӒ[]ߋTG,8115322
茧sӒ[]G,8115323
茧sӒ[]G,8115324
茧sӒ[]G,8115325
茧sӒ[]{G,8115326
茧sӒˉY,8115461
茧sӒ卶EG,8115462
茧sӒ蒆RG,8115463
茧sӒJ]G,8115464
茧sӒBɔG,8115465
茧sӒ{G,8115466
茧sӒ]pG,8115467
茧sӒ菔ÐG,8115468
茧s{{Y,8115501
茧s{G,8115511
茧s{G,8115512
茧s{kG,8115513
茧s{ːG,8115521
茧s{V铌G,8115522
茧s{ЎRG,8115523
茧s{{G,8115531
茧s{vېG,8115532
茧s{V鐼G,8115533
茧s{{{G,8115541
茧s{{{G,8115542
茧s{G,8115543
茧s{zCG,8115544
茧s{{{G,8115545
茧s{{{G,8115546
茧s{{Y,8115551
茧s{SG,8115552
茧s{ΓG,8115553
茧s{ΒG,8115554
茧s{ΓG,8115555
茧s{ΐG,8115556
茧sӒcG,8115731
茧sӒG,8115732
茧sӒ}G,8115733
茧sӒ{G,8115734
茧sӒZgRMG,8115741
茧sӒZgG,8115742
茧sӒZgOG,8115743
茧sӒZgG,8115744
茧sӒ싽G,8115751
茧sӒ싽G,8115752
茧sӒx{G,8115753
茧sӒxG,8115754
茧sӒxG,8115755
茧sӒ싽{G,8115756
茧sӒ싽G,8115757
茧ΔnsY,8170001
茧Δns,8170002
茧Δns쎺,8170003
茧ΔnsV,8170005
茧Δnsk,8170006
茧Δns{J,8170011
茧Δnsg,8170012
茧Δns,8170013
茧ΔnsV,8170014
茧Δns,8170015
茧Δns,8170016
茧Δns~,8170021
茧Δns,8170022
茧Δnsc,8170023
茧Δns苴,8170024
茧Δnsvc,8170031
茧Δnsvc,8170032
茧ΔnsY,8170033
茧Δns_,8170034
茧Δnsva,8170035
茧Δns^Ǔ@,8170151
茧Δnsē@,8170152
茧Δns,8170153
茧Δns,8170154
茧ΔnsĐ,8170155
茧Δns{,8170156
茧ΔnsR,8170157
茧ΔnsA,8170241
茧Δns,8170242
茧Δns~,8170243
茧Δnsvl,8170244
茧Δnsvc,8170245
茧Δns,8170246
茧Δnsō,8170247
茧ΔnsΓc,8170248
茧ΔnsÓF,8170321
茧ΔnsÓ{m,8170322
茧ΔnsÓDz,8170323
茧ΔnsÓv{,8170324
茧ΔnsÓ,8170325
茧ΔnsÓ,8170326
茧ΔnsÓ,8170431
茧ΔnsÓ,8170432
茧ΔnsÓu,8170433
茧ΔnsÓ,8170434
茧ΔnsÓ`,8170435
茧ΔnsÓ|~,8170511
茧ΔnsÓ,8170512
茧ΔnsÓY,8170513
茧ΔnsÓR,8170514
茧ΔnsÓDz,8171101
茧ΔnsÓY,8171102
茧ΔnsÓJ,8171103
茧ΔnsÓZ,8171104
茧ΔnsÓR,8171105
茧ΔnsÓi,8171106
茧ΔnsÓ,8171107
茧ΔnsLʒm,8171201
茧ΔnsLʒa,8171202
茧ΔnsLʒ],8171212
茧ΔnsLʒq,8171213
茧ΔnsLʒ,8171214
茧ΔnsLʒY,8171223
茧ΔnsLʒ,8171231
茧ΔnsLʒ,8171232
茧ΔnsLʒL,8171233
茧ΔnsLʒu,8171234
茧ΔnsLʒL,8171241
茧ΔnsLʒF,8171245
茧ΔnsLʒ,8171246
茧ΔnsLʒc,8171251
茧ΔnsLʒj,8171252
茧ΔnsLʒK,8171253
茧ΔnsLʒ,8171254
茧ΔnsLʒuY,8171255
茧ΔnsLʒj,8171256
茧ΔnsLʒ,8171257
茧ΔnsLʒm,8171292
茧ΔnsO,8171301
茧Δns,8171302
茧Δns؍,8171303
茧ΔnsC,8171304
茧ΔnsÖ,8171305
茧Δnsgc,8171306
茧Δnsꍲ,8171307
茧Δns,8171411
茧Δns,8171412
茧Δnsu,8171413
茧Δns㌧,8171511
茧Δns㌧v,8171512
茧Δns㌧A,8171513
茧Δns㌧,8171521
茧Δns㌧~,8171522
茧Δns㌧c,8171523
茧Δns㌧Y,8171524
茧Δns㌧䉀,8171525
茧Δns㌧z,8171531
茧Δns㌧ɓ,8171532
茧Δns㌧u,8171533
茧Δns㌧É,8171601
茧Δns㌧{,8171602
茧Δns㌧,8171603
茧Δns㌧{,8171692
茧ΔnsΔnc,8171701
茧ΔnsΔn×,8171702
茧ΔnsΔn,8171703
茧ΔnsΔnԑ,8171704
茧ΔnsΔnyY,8171711
茧ΔnsΔnMu,8171712
茧ΔnsΔnlv{,8171713
茧ΔnsΔn{,8171714
茧ΔnsΔn呝,8171715
茧ΔnsΔn͓,8171721
茧ΔnsΔnY,8171722
茧ΔnsΔnkY,8171723
茧ΔnsΔnL,8171724
茧ΔnsΔn,8171725
茧ΔnsΔnkY,8171797
茧ΔnsΔn,8172241
茧ΔnsΔnd,8172242
茧ΔnsΔn,8172243
茧ΔnsΔn,8172331
茧ΔnsΔn܍,8172332
茧ΔnsΔnMu,8172333
茧Δns,8178510
茧Δns,8178517
茧Δns{J,8178520
茧sɉ,8511201
茧s,8511315
茧ܓsh,8530001
茧ܓs,8530002
茧ܓsђ,8530003
茧ܓsK,8530004
茧ܓsL,8530005
茧ܓs]쒬,8530006
茧ܓs],8530007
茧ܓsÒ,8530011
茧ܓs蒬,8530012
茧ܓsÒ,8530013
茧ܓsO쒬,8530014
茧ܓsl,8530015
茧ܓs,8530016
茧ܓsƉ~,8530017
茧ܓsrc,8530018
茧ܓsR,8530021
茧ܓs,8530022
茧ܓsR,8530023
茧ܓsXؒ,8530024
茧ܓs,8530025
茧ܓsl,8530026
茧ܓsc,8530027
茧ܓsgvؒ,8530031
茧ܓsr,8530032
茧ܓs؏꒬,8530033
茧ܓsU,8530041
茧ܓsgc,8530042
茧ܓsc,8530043
茧ܓs璬,8530044
茧ܓs,8530051
茧ܓsR,8530052
茧ܓsY,8530053
茧ܓsˊ,8530054
茧ܓs,8530061
茧ܓsԓ,8530062
茧ܓsV`,8530063
茧ܓsO,8530064
茧ܓs̏,8530065
茧ܓs~,8530066
茧ܓsx]x],8530201
茧ܓsx],8530202
茧ܓsx]c,8530203
茧ܓsx]ɕ~,8530204
茧ܓsx]뗧,8530205
茧ܓsx]R,8530206
茧ܓsx],8530207
茧ܓsx],8530208
茧ܓsx],8530211
茧ܓsx]R,8530212
茧ܓsx]x,8530213
茧ܓsx]y,8530214
茧ܓsx]El,8530215
茧ܓsh{,8530311
茧ܓsh,8530312
茧ܓshR,8530313
茧ܓsʔVYʔVY,8530411
茧ܓsʔVYJ,8530412
茧ܓsʔVY,8530413
茧ܓsʔVYr,8530501
茧ܓsʔVYvR,8530502
茧ܓsʔVY,8530503
茧ܓsʔVYO,8530504
茧ܓsʔVY{,8530505
茧ܓsʔVY̕,8530506
茧ܓsʔVYڔ,8530507
茧ܓsʔVYzY,8530508
茧ܓsOy_ɔ,8530601
茧ܓsOy,8530602
茧ܓsOy,8530603
茧ܓsOyL,8530604
茧ܓsOy_,8530605
茧ܓsOyNɉY,8530606
茧ܓsOy,8530607
茧ܓsOyg,8530608
茧ܓsOyɌ,8530609
茧ܓsOy㓇,8530611
茧ܓsOy,8530612
茧ܓsOy,8530613
茧ܓsOy_ɔ,8530692
茧ܓshh,8530701
茧ܓsh쌴,8530702
茧ܓsh팴,8530703
茧ܓsh͖,8530704
茧ܓshˊɎ,8530705
茧ܓshDɉY,8530706
茧ܓsv꒬,8532171
茧ܓsn,8532172
茧ܓscɉY,8532173
茧ܓsVؒ,8532174
茧ܓsޗY,8532201
茧ܓsޗ,8532202
茧ܓsޗ,8532203
茧ܓsޗD,8532204
茧ܓsޗY,8532292
茧쏼YSVܓᏼ,8532301
茧쏼YSVܓˌ×,8532302
茧쏼YSVܓhɉY,8532303
茧쏼YSVܓr싽,8532304
茧쏼YSVܓ_ɉY,8532305
茧쏼YSVܓɉY,8532311
茧쏼YSVܓ,8532312
茧쏼YSVܓL,8532313
茧쏼YSVܓY,8532314
茧쏼YSVܓԕ,8532315
茧쏼YSVܓᏼ,8532392
茧ܓsɕM,8532481
茧ܓs{q,8532482
茧쏼YSVܓޗǔ,8533101
茧쏼YSVܓ␣Y,8533102
茧쏼YSVܓɉY,8533321
茧쏼YSVܓË,8533322
茧쏼YSVܓ_ɉY,8533323
茧sr,8570071
茧Cs吣˒O,8572532
茧ێs,8573271
茧쏼YSVܓԔ,8574101
茧쏼YSVܓFZ,8574102
茧쏼YSVܓ]ɕl,8574103
茧쏼YSVܓL싽,8574211
茧쏼YSVܓ͌,8574212
茧쏼YSVܓc,8574213
茧쏼YSVܓڋ,8574214
茧쏼YSVܓԏ㋽,8574401
茧쏼YSVܓޖ,8574402
茧쏼YSVܓ,8574404
茧쏼YSVܓD苽,8574405
茧쏼YSVܓ͋,8574411
茧쏼YSVܓOɉY,8574412
茧쏼YSVܓ,8574413
茧쏼YSVܓɐˋ,8574414
茧쏼YSVܓlɉY,8574415
茧쏼YSVܓy䋽,8574416
茧쏼YSVܓ,8574495
茧쏼YSVܓYK,8574511
茧쏼YSVܓ|Ë,8574512
茧쏼YSVܓ۔,8574513
茧쏼YSVܓ,8574514
茧쏼YSVܓ|Ë,8574592
茧쏼YSVܓ,8574601
茧쏼YSVܓ],8574602
茧쏼YSVܓ,8574603
茧쏼YSVܓØa苽,8574604
茧kYSl꒬J,8574701
茧kYSl꒬O,8574702
茧kYSl꒬,8574703
茧kYSl꒬,8574704
茧kYSl꒬lË,8574705
茧kYSl꒬,8574706
茧kYSl꒬Ǔ,8574707
茧kYSl꒬哇,8574708
茧kYSl꒬苽,8574709
茧kYSl꒬[,8574711
茧kYSl꒬Z,8574712
茧ێsFv_Y,8574811
茧ێsFvl,8574812
茧ێsFvї,8574813
茧ێsFv{ї,8574814
茧ێsFvv,8574815
茧ێsFv,8574816
茧ێsFv,8574901
茧ێsFv,8574902
茧ێsFvc],8574903
茧ێsFv؏,8574904
茧Ys铇Y,8594301
茧Ys铇,8594302
茧Ys铇_,8594303
茧Ys铇,8594304
茧Ys铇ʖ,8594305
茧Ys铇,8594306
茧Ys铇O,8594307
茧Ys铇tÖ,8594308
茧Ys铇,8594309
茧Ys,8594500
茧Ysk,8594521
茧Ys,8594522
茧Ysh,8594523
茧Ys؏,8594524
茧Ys,8594525
茧Ys,8594526
茧Ys,8594527
茧YsY,8594528
茧Ys򓇖,8594529
茧Yskvۖ,8594741
茧Ysc,8594742
茧Ysc,8594743
茧Ysx,8594744
茧Ys,8594745
茧ˎsx,8595101
茧ˎs哇_Y,8595801
茧ˎs哇O,8595802
茧ˎs哇F,8595803
茧ˎs哇卪,8595804
茧ˎs哇IR,8595805
茧ˎs哇IR˓c,8595806

kBsqk厚,8020091
kBsqk厚n,8020092

ꌧÎs_W,8470131
ꌧÎsĎq쓇,8470306
ꌧÎs,8470317
ꌧÎsnn,8470405
ꌧÎs,8470406
ꌧÎsO,8471524

F{Vs䏊YY,8660303
F{Vs䏊Y䏊Y,8660313
F{Vs䏊Yq,8660334
F{Vs쒬,8693711

啪SP,8721501
啪s厚Y,8760001
啪s厚Y,8760002
啪s厚Y,8760003
啪s厚rԑY,8760004
啪s厚ΊԉY,8760005
啪s厚Y,8760006
啪s厚vۉY,8760007
啪s厚А_Y,8760008
啪sߌ厚哇,8761313
啪Ëvs厚ی˓,8792501

{茧sY,8820096

SO厚,8900901
SO厚,8900902
SO厚|,8900903
V\sV\,8913101
V\s[,8913102
V\sa,8913103
V\sZg,8913104
V\s,8913111
V\sh,8913112
V\s,8913113
V\src,8913114
V\sV_,8913115
V\s,8913116
V\su,8913117
V\snѓ,8913118
V\s[,8913202
V\sɊ,8913221
V\s,8913222
V\sÓc,8913431
V\s,8913432
FьSq[,8913601
FьSqq,8913602
FьSqc,8913603
FьSq,8913604
FьSqv,8913605
FьSq,8913606
FьSqc,8913607
FьSqV,8913701
FьSqR,8913702
FьSqsi,8913703
FьSqV,8913704
FьSqV,8913705
FьSq,8913706
FьSqsi,8913793
FьSvic,8914201
FьSvgc,8914202
FьSvꖩ,8914203
FьSvuˎq,8914204
FьSv{VY,8914205
FьSv,8914206
FьSvc,8914207
FьSviǕ,8914208
FьSv[,8914311
FьSvDs,8914312
FьSvij,8914401
FьSvȋj,8914402
FьSv,8914403
FьSvV,8914404
FьSv,8914405
FьSv,8914406
FьSv,8914407
FьSv,8914408
FьSvI,8914409
S\厚V,8915101
S\V,8915201
S\,8915202
S\zKV,8915203
S\Γ,8915204
S\,8915205
S\,8915301
哇SEɎv,8916141
哇SE,8916142
哇SEuˉ,8916143
哇SEv,8916144
哇SE,8916151
哇SE,8916152
哇SE,8916153
哇SE,8916154
哇SEÓ,8916161
哇SE`,8916162
哇SEԗǎ,8916163
哇SEԗǎ,8916164
哇SEԘA,8916201
哇SEp,8916202
哇SE,8916203
哇SE,8916211
哇SEF,8916212
哇SE咩,8916213
哇SE,8916214
哇SEF,8916215
哇SE,8916216
哇SEɍ,8916217
哇SEr,8916221
哇SE,8916222
哇SE,8916223
哇SEv,8916224
哇SERc,8916225
哇SEH,8916226
哇SE,8916227
哇SEY,8916228
哇SEY,8916229
哇SEr,8916231
哇SEvËv,8916232
哇SEÓS,8916233
哇SEp,8916292
哇SVT,8917101
哇SVT,8917102
哇SV쌴,8917103
哇SV,8917104
哇SV,8917105
哇SVa,8917111
哇SVc,8917112
哇SV_V,8917113
哇SVV,8917114
哇SVvu,8917115
哇SVV,8917116
哇SVX,8917421
哇SV,8917422
哇SVR,8917423
哇SV,8917424
哇SVԓ,8917425
哇SV,8917426
哇SV钬^,8917601
哇SV钬,8917602
哇SV钬O,8917603
哇SV钬O,8917604
哇SV钬,8917605
哇SV钬V,8917611
哇SV钬y,8917612
哇SV钬v,8917621
哇SV钬Ð,8917622
哇SV钬,8917623
哇SV钬,8917624
哇SV钬ؖ,8917731
哇Sɐ咬O,8918111
哇Sɐ咬,8918112
哇Sɐ咬ڎv,8918113
哇Sɐ咬ʓ,8918114
哇Sɐ咬×,8918115
哇Sɐ咬ȋj,8918116
哇Sɐ咬R,8918117
哇Sɐ咬ɐ,8918201
哇Sɐ咬iSPU`TPUԒnj,8918216
哇Sɐ咬OiVXX̂P`WUVԒnj,8918221
哇Sɐ咬Oȋj,8918321
哇Sɐ咬,8918322
哇Sɐ咬ؔV,8918323
哇Sɐ咬ؖ,8918324
哇Sɐ咬d,8918325
哇Sɐ咬n,8918326
哇Sɐ咬cz,8918327
哇Sɐ咬茴,8918328
哇Sɐ咬,8918329
哇Sa,8919101
哇Sa,8919102
哇Sao,8919103
哇Sa,8919104
哇SaXm,8919111
哇Saa,8919112
哇Saa,8919113
哇Salz,8919114
哇Saɉ,8919115
哇SaXm,8919116
哇Sa,8919121
哇Saʏ,8919122
哇SaF,8919123
哇Sa×,8919124
哇Sa,8919125
哇Sa,8919131
哇Sa㗖,8919132
哇SaJR,8919133
哇Samu,8919134
哇Sai,8919135
哇Sa,8919136
哇Sm],8919201
哇Sm,8919202
哇Sm,8919203
哇Sm㕽,8919204
哇Smvu,8919205
哇Smԗ,8919206
哇Smƒ,8919207
哇Sm,8919211
哇Sm,8919212
哇Smo,8919213
哇Smm,8919214
哇Smq,8919215
哇SmÊ,8919221
哇Sm,8919222
哇SmZg,8919223
哇Sm,8919224
哇SmcF,8919231
哇SmV,8919232
哇Sm,8919233
哇Sm,8919234
哇Sm㕽,8919292
哇Sm],8919293
哇Smo,8919294
哇Smm,8919295
哇Smo,8919296
哇S^_,8919301
哇S^_,8919302
哇S^_,8919303
哇S^_,8919304
哇S^_×,8919307
哇S^_ߊ,8919308
哇S^_,8919309
sF,8940001
sL,8940002
s,8940003
sl,8940004
sF,8940005
sl,8940006
sa,8940007
sY,8940008
s,8940011
s,8940012
st,8940013
sc,8940014
s^Ò,8940015
sÓc,8940016
s΋,8940017
sɒÕ,8940021
sv,8940022
sic,8940023
s䍪,8940024
sK,8940025
s`,8940026
sL,8940027
sv,8940031
s,8940032
sVe,8940033
sM,8940034
sl,8940035
sl,8940036
smV,8940041
sm,8940042
sm,8940043
sl,8940044
s,8940045
sh,8940046
sm,8940047
s,8940048
s,8940061
sL,8940062
s,8940063
sY㒬,8940068
哇S,8940101
哇S,8940102
哇Sʗ,8940103
哇SY,8940104
哇S叟,8940105
哇S,8940106
哇Sˌ,8940107
sY,8940108
哇SY,8940192
哇S,8940321
哇Sv,8940322
哇S؉,8940323
哇S~,8940324
哇SÓn,8940331
哇S,8940332
哇SH,8940333
sԕ,8940351
sL,8940352
哇SԔ,8940411
哇S,8940412
s}Fh,8940501
s},8940502
s}a,8940503
s}ߓc,8940504
s},8940505
s}ԕ,8940506
s}쐣,8940507
s}p,8940508
s},8940511
s}v,8940512
s}Ov,8940513
s}v,8940595
s}p,8940621
s}},8940622
s}ӗ,8940623
s}{,8940624
s},8940625
s}m,8940626
s}m,8940627
s,8940771
s,8940772
s,8940773
sɒÕ,8940774
s,8940775
s茴,8940776
sZp,8941111
sZpa,8941112
sZp,8941113
sZp,8941114
sZp,8941115
sZp,8941116
sZpΌ,8941201
sZp,8941202
sZp_,8941203
sZpR,8941204
sZp,8941205
sZp,8941292
sZpR,8941304
sZps,8941321
哇S˓Ðmiuj,8941501
哇S˓Ðmi{Oj,8941502
哇S˓Ðmi喩j,8941503
哇S˓Ðmitj,8941504
哇S˓Ðmi]j,8941505
哇S˓ÐmiDÁj,8941506
哇S˓Ðmivj,8941507
哇S˓Ðm,8941508
哇S˓ؖ,8941511
哇S˓Y,8941512
哇S˓Ԗq,8941513
哇S˓ߎq,8941514
哇S˓Ó,8941515
哇S˓,8941521
哇S˓ÓS,8941522
哇S˓h,8941523
哇S˓ɐ{,8941524
哇S˓,8941531
哇S˓Ðm,8941592
哇S˓,8941741
哇S˓,8941742
哇S˓,8941743
哇S˓S,8941744
哇S˓,8941745
哇S˓v,8941746
哇S˓v,8941851
哇S˓Îu,8941852
哇S˓ԓV,8941853
哇S˓Ǔ,8941854
哇S˓Ì,8941855
哇S˓,8942141
哇S˓,8942142
哇S˓nA,8942143
哇S˓,8942144
哇S˓p,8942231
哇S˓\,8942232
哇S˓쌩R,8942233
哇S˓H,8942234
哇S˓,8942235
哇S˓Ɏq,8942236
哇S˓ԕx,8942237
哇S˓,8942321
哇S˓,8942322
哇S˓U,8942323
哇S˓,8942401
哇S˓F,8942402
哇S˓v,8942403
哇S˓,8942404
哇S˓n,8942411
哇S˓{q,8942412
哇S˓Ó,8942413
哇S˓OY,8942414
哇S˓mVY,8942415
哇S˓,8942416
哇S˓؎,8942417
哇S˓rn,8942501
哇S˓,8942502
哇S˓^H,8942601
哇Sa,8943101
哇Sap,8943102
哇SaÖv,8943103
哇Sav,8943104
哇Saal,8943105
哇SaI,8943106
哇Sav,8943107
哇Saal,8943192
哇Saˉ~,8943211
哇Sa,8943212
哇Sauˊ,8943213
哇Sa,8943214
哇SFp,8943301
哇SF,8943302
哇SFc,8943303
哇SF{,8943304
哇SFΗ,8943305
哇SFF,8943411
哇SFvu,8943412
哇SF,8943413
哇SF,8943521
哇SFO,8943522
哇SFA,8943523
哇SFc,8943631
哇SF,8943632
哇SF,8943633
sM,8948511
sK,8948555
s`,8948558
sÓc,8948567
sL,8948585
s,8948588
sl,8948601
sic,8948655
s`,8948666
sl,8948677
Fs,8961101
Fs㍙,8961201
Fs㍙,8961202
Fs㍙],8961203
Fs㍙,8961204
Fs㍙,8961205
Fs㍙KVY,8961206
Fs㍙,8961281
Fsac,8961301
Fsl,8961411
FsXYiPVOOԒn`Aj,8961412
FsXYȋj,8961512
Fs,8961521
Fs,8961601
FsЖY,8961602
Fs,8961696
oSq,8991501

ꌧ,SĂ̗X֔ԍ
