Xܖ,cƏR[h,cƏԍ

kC
X,9-3,9030
ʓX,9-61,9061
tX,9-7,9070
[X,9-32,9032
lڕʓX,9-71,9071
X,9-31,9031
ԑX,9-62,9062
kX,9-6,9060
эLX,9-4,9040
WÓX,9-51,9051
HX,9-5,9050
{ʓX,9-41,9041
ÓX,9-92,9092
X,9-10,9100
mX,9-13,9013
_X,9-21,9021
]X,9-23,9023
ٓX,9-2,9020
ϏqX,9-9,9090
DyX,9-1,9010
MX,9-12,9120
ΓX,9-91,9091
X,9-8,9080
xǖX,9-14,9014
〈X,9-11,9110
DyX,9-02,9019
DykX,9-15,9015

X
ӒnX,8-66,8066
kX,8-64,8064
܏쌴X,8-65,8065
˓X,8-62,8062
XX,8-6,8060
OOX,8-61,8061
\acX,8-63,8063

茧
OX,8-51,8051
˓X,8-52,8052
DnX,8-55,8055
vX,8-57,8057
X,8-5,8050
ΓX,8-58,8058
ԊX,8-53,8053
֓X,8-54,8054
kX,8-56,8056

Hc
\X,8-43,8043
ٓX,8-41,8041
HcX,8-4,8040
{X,8-44,8044
ȓX,8-45,8045
X,8-42,8042

R`
đX,8-31,8031
R`X,8-3,8030
cX,8-32,8032
VX,8-33,8033


ÎᏼX,8-22,8022
͓X,8-25,8025
{X,8-26,8026
킫X,8-21,8021
X,8-24,8024
ÓcX,8-28,8028
X,8-23,8023
SRX,8-2,8020

{錧
X,8-1,8010
ΊX,8-12,8012
ΓX,8-13,8013
X,8-17,8017
CX,8-15,8015
ÐX,8-11,8011
X,8-18,8018
X,8-14,8014

V
zX,5-6,5060
X,5-41,5041
VX,5-4,5040
X,5-5,5050
ZX,5-51,5051
X,5-61,5061
zgcX,5-42,5042

쌧
X,5-7,5070
ѓcX,6-42,6042
{X,6-4,6040
cX,5-71,5071
vX,5-72,5072
ɓߓX,6-41,6041

xR
xRX,5-3,5030
X,5-31,5031
X,5-32,5032

ΐ쌧
X,5-1,5010
RX,5-14,5014
\oX,5-11,5011
cX,5-12,5012
X,5-13,5013

䌧
X,5-2,5020
։X,5-21,5021
ۉX,5-23,5023

R
RX,7-42,7042
sX,7-41,7041
RX,7-4,704

򕌌
HX,6-82,6082
RX,6-85,6085
SX,6-84,6084
bߓX,6-83,6083
X,6-81,6081
򕌓X,6-8,6080

É
lX,6-6,6060
OX,6-71,6071
ɓX,6-72,6072
aX,6-73,6073
܈X,6-61,6061
X,6-31,6031
xmX,6-7,6070
ÉX,6-3,6030

m
X,6-17,6170
X,6-13,6130
qX,6-15,6015
mX,6-14,6014
`X,6-16,6016
X,6-18,6180
{X,6-11,6011
LX,6-51,6051
LX,6-5,6050
X,6-10,6011
LcX,6-12,6013
ÉX,6-1,6010

Od
hX,6-21,6021
ɉX,6-91,6091
X,6-2,6020
ɐX,6-22,6022
lsX,6-9,6090

ꌧ
FX,4-72,4012
X,4-7,4014
RX,4-71,4013

s{
RX,4-44,4044
mRX,4-4,4040
sX,4-1,4010
TX,4-16,4016
ߓX,4-3,4030
sX,4-15,4015
X,4-17,4017

ޗǌ
ޗǓX,3-7,3070
䏊X,3-71,3071
VX,3-72,3072
acX,3-73,3073

{
kX,3-11,3021
ʓX,3-18,3026
ZV]X,3-011,3028
ԓX,3-012,3029
X,3-8,3018
X,3-14,3024
痢X,3-13,3022
X,3-9,3019
ߌX,3-21,3027
[]X,3-2,3011
X,3-10,3100
X,3-102,3105
ݘacX,3-17,3104
X,3-1,3010
䎛X,3-32,3032
X,3-3,3030
xcѓX,3-16,3103

Ɍ
BX,3-181,3926
_˓X,3-4,3012
LX,4-41,4041
mRBX,4-42,4940
WHX,3-41,3013
ГX,3-51,3051
̓X,3-52,3052
PHX,3-5,3050
{X,3-46,3046
_˓X,3-44,3023
ΓX,3-42,3014
_˓X,3-43,3043
{X,3-45,3045
X,3-53,3053

a̎R
V{X,3-62,3017
cӓX,3-61,3016
X,3-63,3063
a̎RX,3-6,3015

挧
X,4-5,4050
ĎqX,4-6,4060
qgX,4-51,4051


]X,2-3,2030
lcX,2-31,2050
o_X,2-32,2032

R
X,2-51,2061
ÎRX,2-41,2041
RX,2-4,2040
q~X,2-5,2060
q~X,2-52,2062
RzX,2-42,2042

L
X,2-11,2011
RkX,2-22,2022
LX,2-1,2010
LX,2-14,2014
OX,2-12,2012
LX,2-13,2013
RX,2-2,2020
OX,2-21,2021

R
FX,2-63,2093
RX,2-6,2090
RX,2-64,2094
֓X,2-61,2091
X,2-65,2095
⍑X,2-62,2092


X,1-4,1040
rcX,1-41,1041
X,1-42,1042

쌧
X,1-111,1014
lX,1-16,1016
lBX,1-17,1017
ۋTX,1-11,1013
X,1-1,1010

Q
FX,1-25,1025
X,1-23,1023
RX,1-2,1020
\X,1-24,1024
FaX,1-21,1021
VlX,1-22,1022

m
|X,1-33,1033
l\X,1-31,1031
mX,1-3,1030
{X,1-32,1032


cXiEsXj,0-81,0111
vĉcƏ,0-10,0012
cƏ,0-1,0010
V_X,0-18,0018
cƏ,0-14,0014
X,0-16,0016
앟cƏ,0-12,0120
}cƏ,0-121,0121
@cƏ,0-13,0130
ђˉcƏ,0-11,0013
X,0-82,0112
kBX,0-8,0011
喴cX,0-15,0015
BXiSsj,0-921,0921
BXiLOsEzSj,0-611,0611
qcƏ,0-122,0122

ꌧ
ɖX,0-91,0091
ÓX,0-93,0093
X,0-92,0092
X,0-9,0090

茧
V_BXiΔnsj,0-181,0181
BXisj,0-931,0931
X,0-3,0030
˓X,0-32,0032
X,0-33,0033
|X,0-35,0035
ܓX,0-34,0034
ۓX,0-31,0031

F{
F{X,0-2,0020
F{BX,0-201,0201
X,0-22,0022
X,0-26,0026
kF{X,0-23,0023
hX,0-25,0025
VX,0-21,0021
lgX,0-24,0024
oBXisj,0-451,0451

啪
啪X,0-6,0060
啪BX,0-601,0601
X,0-62,0062
|cX,0-65,0065
cX,0-63,0063
ʕ{X,0-64,0064
ÓX,0-61,0061

{茧
{X,0-5,0050
{BX,0-501,0501
X,0-53,0053
sX,0-52,0052
ѓX,0-55,0055
X,0-51,0051
X,0-54,0054


sBXi]sj,0-521,0521
X,0-4,0040
X,0-42,0041
X,0-43,0043
X,0-44,0044
oX,0-45,0045
哇X,0-47,0047
삳ܓX,0-46,0046

ꌧ
YYX,0-41,0080
X,0-411,0081
ߔeX,0-412,0085
X,0-413,0086
